<MapTiles>
	<Tile>
		<XCoord>0</XCoord>
		<YCoord>0</YCoord>
		<Message>You cannot go here. (0,0)</Message>
		<EventID>-1</EventID>
		<SpawnZone>0</SpawnZone>
	</Tile>
	<Tile>
		<XCoord>1</XCoord>
		<YCoord>0</YCoord>
		<Message>You are in a forgotten crypt. (1,0)</Message>
		<EventID>1</EventID>
		<SpawnZone>1</SpawnZone>
	</Tile>
	<Tile>
		<XCoord>2</XCoord>
		<YCoord>0</YCoord>
		<Message>You are in a forgotten crypt. (2,0)</Message>
		<EventID>1</EventID>
		<SpawnZone>1</SpawnZone>
	</Tile>
	<Tile>
		<XCoord>3</XCoord>
		<YCoord>0</YCoord>
		<Message>You are in a forgotten crypt. (3,0)</Message>
		<EventID>1</EventID>
		<SpawnZone>1</SpawnZone>
	</Tile>
	<Tile>
		<XCoord>4</XCoord>
		<YCoord>0</YCoord>
		<Message>You are in a forgotten crypt. (4,0)</Message>
		<EventID>1</EventID>
		<SpawnZone>1</SpawnZone>
	</Tile>
	<Tile>
		<XCoord>5</XCoord>
		<YCoord>0</YCoord>
		<Message>You are in the Dungeon Hall. (5,0)</Message>
		<EventID>2</EventID>
		<SpawnZone>2</SpawnZone>
	</Tile>
	<Tile>
		<XCoord>6</XCoord>
		<YCoord>0</YCoord>
		<Message>You cannot go here. (6,0)</Message>
		<EventID>-1</EventID>
		<SpawnZone>0</SpawnZone>
	</Tile>
	<Tile>
		<XCoord>7</XCoord>
		<YCoord>0</YCoord>
		<Message>You are in the Dungeon Hall. (7,0)</Message>
		<EventID>2</EventID>
		<SpawnZone>2</SpawnZone>
	</Tile>
	<Tile>
		<XCoord>8</XCoord>
		<YCoord>0</YCoord>
		<Message>You are in the Dungeon Hall. (8,0)</Message>
		<EventID>2</EventID>
		<SpawnZone>2</SpawnZone>
	</Tile>
	<Tile>
		<XCoord>9</XCoord>
		<YCoord>0</YCoord>
		<Message>You are in the Dungeon Hall. (9,0)</Message>
		<EventID>2</EventID>
		<SpawnZone>2</SpawnZone>
	</Tile>
	<Tile>
		<XCoord>0</XCoord>
		<YCoord>1</YCoord>
		<Message>You are in a forgotten crypt. (0,1)</Message>
		<EventID>1</EventID>
		<SpawnZone>1</SpawnZone>
	</Tile>
	<Tile>
		<XCoord>1</XCoord>
		<YCoord>1</YCoord>
		<Message>You are in a forgotten crypt. (1,1)</Message>
		<EventID>1</EventID>
		<SpawnZone>1</SpawnZone>
	</Tile>
	<Tile>
		<XCoord>2</XCoord>
		<YCoord>1</YCoord>
		<Message>You are in a forgotten crypt. (2,1)</Message>
		<EventID>1</EventID>
		<SpawnZone>1</SpawnZone>
	</Tile>
	<Tile>
		<XCoord>3</XCoord>
		<YCoord>1</YCoord>
		<Message>You are in a forgotten crypt. (3,1)</Message>
		<EventID>1</EventID>
		<SpawnZone>1</SpawnZone>
	</Tile>
	<Tile>
		<XCoord>4</XCoord>
		<YCoord>1</YCoord>
		<Message>You are in the Dungeon Hall. (4,1)</Message>
		<EventID>2</EventID>
		<SpawnZone>2</SpawnZone>
	</Tile>
	<Tile>
		<XCoord>5</XCoord>
		<YCoord>1</YCoord>
		<Message>You are in the Dungeon Hall. (5,1)</Message>
		<EventID>2</EventID>
		<SpawnZone>2</SpawnZone>
	</Tile>
	<Tile>
		<XCoord>6</XCoord>
		<YCoord>1</YCoord>
		<Message>You are in the Dungeon Hall. (6,1)</Message>
		<EventID>2</EventID>
		<SpawnZone>2</SpawnZone>
	</Tile>
	<Tile>
		<XCoord>7</XCoord>
		<YCoord>1</YCoord>
		<Message>You are in the Dungeon Hall. (7,1)</Message>
		<EventID>2</EventID>
		<SpawnZone>2</SpawnZone>
	</Tile>
	<Tile>
		<XCoord>8</XCoord>
		<YCoord>1</YCoord>
		<Message>You are in the Dungeon Hall. (8,1)</Message>
		<EventID>2</EventID>
		<SpawnZone>2</SpawnZone>
	</Tile>
	<Tile>
		<XCoord>9</XCoord>
		<YCoord>1</YCoord>
		<Message>You are in the Dungeon Hall. (9,1)</Message>
		<EventID>2</EventID>
		<SpawnZone>2</SpawnZone>
	</Tile>
	<Tile>
		<XCoord>0</XCoord>
		<YCoord>2</YCoord>
		<Message>You are in a forgotten crypt. (0,2)</Message>
		<EventID>1</EventID>
		<SpawnZone>1</SpawnZone>
	</Tile>
	<Tile>
		<XCoord>1</XCoord>
		<YCoord>2</YCoord>
		<Message>You are in a forgotten crypt. (1,2)</Message>
		<EventID>1</EventID>
		<SpawnZone>1</SpawnZone>
	</Tile>
	<Tile>
		<XCoord>2</XCoord>
		<YCoord>2</YCoord>
		<Message>You cannot go here. (2,2)</Message>
		<EventID>-1</EventID>
		<SpawnZone>0</SpawnZone>
	</Tile>
	<Tile>
		<XCoord>3</XCoord>
		<YCoord>2</YCoord>
		<Message>You are in a forgotten crypt. (3,2)</Message>
		<EventID>1</EventID>
		<SpawnZone>1</SpawnZone>
	</Tile>
	<Tile>
		<XCoord>4</XCoord>
		<YCoord>2</YCoord>
		<Message>You are in the Dungeon Hall. (4,2)</Message>
		<EventID>2</EventID>
		<SpawnZone>2</SpawnZone>
	</Tile>
	<Tile>
		<XCoord>5</XCoord>
		<YCoord>2</YCoord>
		<Message>You are in the Dungeon Hall. (5,2)</Message>
		<EventID>2</EventID>
		<SpawnZone>2</SpawnZone>
	</Tile>
	<Tile>
		<XCoord>6</XCoord>
		<YCoord>2</YCoord>
		<Message>You cannot go here. (6,2)</Message>
		<EventID>-1</EventID>
		<SpawnZone>0</SpawnZone>
	</Tile>
	<Tile>
		<XCoord>7</XCoord>
		<YCoord>2</YCoord>
		<Message>You cannot go here. (7,2)</Message>
		<EventID>-1</EventID>
		<SpawnZone>0</SpawnZone>
	</Tile>
	<Tile>
		<XCoord>8</XCoord>
		<YCoord>2</YCoord>
		<Message>You are in the Dungeon Hall. (8,2)</Message>
		<EventID>2</EventID>
		<SpawnZone>2</SpawnZone>
	</Tile>
	<Tile>
		<XCoord>9</XCoord>
		<YCoord>2</YCoord>
		<Message>You are in the Dungeon Hall. (9,2)</Message>
		<EventID>2</EventID>
		<SpawnZone>2</SpawnZone>
	</Tile>
	<Tile>
		<XCoord>0</XCoord>
		<YCoord>3</YCoord>
		<Message>You are in a forgotten crypt. (0,3)</Message>
		<EventID>1</EventID>
		<SpawnZone>1</SpawnZone>
	</Tile>
	<Tile>
		<XCoord>1</XCoord>
		<YCoord>3</YCoord>
		<Message>You are in a forgotten crypt. (1,3)</Message>
		<EventID>1</EventID>
		<SpawnZone>1</SpawnZone>
	</Tile>
	<Tile>
		<XCoord>2</XCoord>
		<YCoord>3</YCoord>
		<Message>You cannot go here. (2,3)</Message>
		<EventID>-1</EventID>
		<SpawnZone>0</SpawnZone>
	</Tile>
	<Tile>
		<XCoord>3</XCoord>
		<YCoord>3</YCoord>
		<Message>You are in a forgotten crypt. (3,3)</Message>
		<EventID>1</EventID>
		<SpawnZone>1</SpawnZone>
	</Tile>
	<Tile>
		<XCoord>4</XCoord>
		<YCoord>3</YCoord>
		<Message>You are in the Dungeon Hall. (4,3)</Message>
		<EventID>2</EventID>
		<SpawnZone>2</SpawnZone>
	</Tile>
	<Tile>
		<XCoord>5</XCoord>
		<YCoord>3</YCoord>
		<Message>You are in the Dungeon Hall. (5,3)</Message>
		<EventID>2</EventID>
		<SpawnZone>2</SpawnZone>
	</Tile>
	<Tile>
		<XCoord>6</XCoord>
		<YCoord>3</YCoord>
		<Message>You cannot go here. (6,3)</Message>
		<EventID>-1</EventID>
		<SpawnZone>0</SpawnZone>
	</Tile>
	<Tile>
		<XCoord>7</XCoord>
		<YCoord>3</YCoord>
		<Message>You cannot go here. (7,3)</Message>
		<EventID>-1</EventID>
		<SpawnZone>0</SpawnZone>
	</Tile>
	<Tile>
		<XCoord>8</XCoord>
		<YCoord>3</YCoord>
		<Message>You are in the Dungeon Hall. (8,3)</Message>
		<EventID>2</EventID>
		<SpawnZone>2</SpawnZone>
	</Tile>
	<Tile>
		<XCoord>9</XCoord>
		<YCoord>3</YCoord>
		<Message>You are in the Dungeon Hall. (9,3)</Message>
		<EventID>2</EventID>
		<SpawnZone>2</SpawnZone>
	</Tile>
	<Tile>
		<XCoord>0</XCoord>
		<YCoord>4</YCoord>
		<Message>You are in the Dungeon Hall. (0,4)</Message>
		<EventID>2</EventID>
		<SpawnZone>2</SpawnZone>
	</Tile>
	<Tile>
		<XCoord>1</XCoord>
		<YCoord>4</YCoord>
		<Message>You are in a forgotten crypt. (1,4)</Message>
		<EventID>1</EventID>
		<SpawnZone>1</SpawnZone>
	</Tile>
	<Tile>
		<XCoord>2</XCoord>
		<YCoord>4</YCoord>
		<Message>You cannot go here. (2,4)</Message>
		<EventID>-1</EventID>
		<SpawnZone>0</SpawnZone>
	</Tile>
	<Tile>
		<XCoord>3</XCoord>
		<YCoord>4</YCoord>
		<Message>You are in the Dungeon Hall. (3,4)</Message>
		<EventID>2</EventID>
		<SpawnZone>2</SpawnZone>
	</Tile>
	<Tile>
		<XCoord>4</XCoord>
		<YCoord>4</YCoord>
		<Message>You cannot go here. (4,4)</Message>
		<EventID>-1</EventID>
		<SpawnZone>0</SpawnZone>
	</Tile>
	<Tile>
		<XCoord>5</XCoord>
		<YCoord>4</YCoord>
		<Message>Your healing flask has been refilled by some strange force. (5,4)</Message>
		<EventID>5</EventID>
		<SpawnZone>0</SpawnZone>
	</Tile>
	<Tile>
		<XCoord>6</XCoord>
		<YCoord>4</YCoord>
		<Message>You are in the Dungeon Hall. (6,4)</Message>
		<EventID>2</EventID>
		<SpawnZone>2</SpawnZone>
	</Tile>
	<Tile>
		<XCoord>7</XCoord>
		<YCoord>4</YCoord>
		<Message>You are in the Dungeon Hall. (7,4)</Message>
		<EventID>2</EventID>
		<SpawnZone>2</SpawnZone>
	</Tile>
	<Tile>
		<XCoord>8</XCoord>
		<YCoord>4</YCoord>
		<Message>You are in the Dungeon Hall. (8,4)</Message>
		<EventID>2</EventID>
		<SpawnZone>2</SpawnZone>
	</Tile>
	<Tile>
		<XCoord>9</XCoord>
		<YCoord>4</YCoord>
		<Message>You are in the Dungeon Hall. (9,4)</Message>
		<EventID>2</EventID>
		<SpawnZone>2</SpawnZone>
	</Tile>
	<Tile>
		<XCoord>0</XCoord>
		<YCoord>5</YCoord>
		<Message>You are in the Dungeon Hall. (0,5)</Message>
		<EventID>2</EventID>
		<SpawnZone>2</SpawnZone>
	</Tile>
	<Tile>
		<XCoord>1</XCoord>
		<YCoord>5</YCoord>
		<Message>You cannot go here. (1,5)</Message>
		<EventID>-1</EventID>
		<SpawnZone>0</SpawnZone>
	</Tile>
	<Tile>
		<XCoord>2</XCoord>
		<YCoord>5</YCoord>
		<Message>You cannot go here. (2,5)</Message>
		<EventID>-1</EventID>
		<SpawnZone>0</SpawnZone>
	</Tile>
	<Tile>
		<XCoord>3</XCoord>
		<YCoord>5</YCoord>
		<Message>You are in the Dungeon Hall. (3,5)</Message>
		<EventID>2</EventID>
		<SpawnZone>2</SpawnZone>
	</Tile>
	<Tile>
		<XCoord>4</XCoord>
		<YCoord>5</YCoord>
		<Message>You cannot go here. (4,5)</Message>
		<EventID>-1</EventID>
		<SpawnZone>0</SpawnZone>
	</Tile>
	<Tile>
		<XCoord>5</XCoord>
		<YCoord>5</YCoord>
		<Message>You cannot go here. (5,5)</Message>
		<EventID>-1</EventID>
		<SpawnZone>0</SpawnZone>
	</Tile>
	<Tile>
		<XCoord>6</XCoord>
		<YCoord>5</YCoord>
		<Message>You cannot go here. (6,5)</Message>
		<EventID>-1</EventID>
		<SpawnZone>0</SpawnZone>
	</Tile>
	<Tile>
		<XCoord>7</XCoord>
		<YCoord>5</YCoord>
		<Message>You cannot go here. (7,5)</Message>
		<EventID>-1</EventID>
		<SpawnZone>0</SpawnZone>
	</Tile>
	<Tile>
		<XCoord>8</XCoord>
		<YCoord>5</YCoord>
		<Message>You cannot go here. (8,5)</Message>
		<EventID>-1</EventID>
		<SpawnZone>0</SpawnZone>
	</Tile>
	<Tile>
		<XCoord>9</XCoord>
		<YCoord>5</YCoord>
		<Message>You are in the Dungeon Hall. (9,5)</Message>
		<EventID>2</EventID>
		<SpawnZone>2</SpawnZone>
	</Tile>
	<Tile>
		<XCoord>0</XCoord>
		<YCoord>6</YCoord>
		<Message>You are the Alchemists' Laboratory. (0,6)</Message>
		<EventID>3</EventID>
		<SpawnZone>3</SpawnZone>
	</Tile>
	<Tile>
		<XCoord>1</XCoord>
		<YCoord>6</YCoord>
		<Message>You cannot go here. (1,6)</Message>
		<EventID>-1</EventID>
		<SpawnZone>0</SpawnZone>
	</Tile>
	<Tile>
		<XCoord>2</XCoord>
		<YCoord>6</YCoord>
		<Message>You are in the Dungeon Hall. (2,6)</Message>
		<EventID>2</EventID>
		<SpawnZone>2</SpawnZone>
	</Tile>
	<Tile>
		<XCoord>3</XCoord>
		<YCoord>6</YCoord>
		<Message>You are in the Dungeon Hall. (3,6)</Message>
		<EventID>2</EventID>
		<SpawnZone>2</SpawnZone>
	</Tile>
	<Tile>
		<XCoord>4</XCoord>
		<YCoord>6</YCoord>
		<Message>You are in the Dungeon Hall. (4,6)</Message>
		<EventID>2</EventID>
		<SpawnZone>2</SpawnZone>
	</Tile>
	<Tile>
		<XCoord>5</XCoord>
		<YCoord>6</YCoord>
		<Message>You cannot go here. (5,6)</Message>
		<EventID>-1</EventID>
		<SpawnZone>0</SpawnZone>
	</Tile>
	<Tile>
		<XCoord>6</XCoord>
		<YCoord>6</YCoord>
		<Message>You are in the Dungeon Hall. (6,6)</Message>
		<EventID>2</EventID>
		<SpawnZone>2</SpawnZone>
	</Tile>
	<Tile>
		<XCoord>7</XCoord>
		<YCoord>5</YCoord>
		<Message>You are in the Dungeon Hall. (7,6)</Message>
		<EventID>2</EventID>
		<SpawnZone>2</SpawnZone>
	</Tile>
	<Tile>
		<XCoord>8</XCoord>
		<YCoord>6</YCoord>
		<Message>You are in the Dungeon Hall. (8,6)</Message>
		<EventID>2</EventID>
		<SpawnZone>2</SpawnZone>
	</Tile>
	<Tile>
		<XCoord>9</XCoord>
		<YCoord>6</YCoord>
		<Message>You are in the Dungeon Hall. (9,6)</Message>
		<EventID>2</EventID>
		<SpawnZone>2</SpawnZone>
	</Tile>
	<Tile>
		<XCoord>0</XCoord>
		<YCoord>7</YCoord>
		<Message>You are the Alchemists' Laboratory. (0,7)</Message>
		<EventID>3</EventID>
		<SpawnZone>3</SpawnZone>
	</Tile>
	<Tile>
		<XCoord>1</XCoord>
		<YCoord>7</YCoord>
		<Message>You cannot go here. (1,7)</Message>
		<EventID>-1</EventID>
		<SpawnZone>0</SpawnZone>
	</Tile>
	<Tile>
		<XCoord>2</XCoord>
		<YCoord>7</YCoord>
		<Message>You are the Alchemists' Laboratory. (2,7)</Message>
		<EventID>3</EventID>
		<SpawnZone>3</SpawnZone>
	</Tile>
	<Tile>
		<XCoord>3</XCoord>
		<YCoord>7</YCoord>
		<Message>You are the Alchemists' Laboratory. (3,7)</Message>
		<EventID>3</EventID>
		<SpawnZone>3</SpawnZone>
	</Tile>
	<Tile>
		<XCoord>4</XCoord>
		<YCoord>7</YCoord>
		<Message>You are the Alchemists' Laboratory. (4,7)</Message>
		<EventID>3</EventID>
		<SpawnZone>3</SpawnZone>
	</Tile>
	<Tile>
		<XCoord>5</XCoord>
		<YCoord>7</YCoord>
		<Message>You cannot go here. (5,7)</Message>
		<EventID>-1</EventID>
		<SpawnZone>0</SpawnZone>
	</Tile>
	<Tile>
		<XCoord>6</XCoord>
		<YCoord>7</YCoord>
		<Message>You are the Alchemists' Laboratory. (6,7)</Message>
		<EventID>3</EventID>
		<SpawnZone>3</SpawnZone>
	</Tile>
	<Tile>
		<XCoord>7</XCoord>
		<YCoord>7</YCoord>
		<Message>You are the Alchemists' Laboratory. (7,7)</Message>
		<EventID>3</EventID>
		<SpawnZone>3</SpawnZone>
	</Tile>
	<Tile>
		<XCoord>8</XCoord>
		<YCoord>7</YCoord>
		<Message>You are the Alchemists' Laboratory. (8,7)</Message>
		<EventID>3</EventID>
		<SpawnZone>3</SpawnZone>
	</Tile>
	<Tile>
		<XCoord>9</XCoord>
		<YCoord>7</YCoord>
		<Message>You are the Alchemists' Laboratory. (9,7)</Message>
		<EventID>3</EventID>
		<SpawnZone>3</SpawnZone>
	</Tile>
	<Tile>
		<XCoord>0</XCoord>
		<YCoord>8</YCoord>
		<Message>You are the Alchemists' Laboratory. (0,8)</Message>
		<EventID>3</EventID>
		<SpawnZone>3</SpawnZone>
	</Tile>
	<Tile>
		<XCoord>1</XCoord>
		<YCoord>8</YCoord>
		<Message>You cannot go here. (1,8)</Message>
		<EventID>-1</EventID>
		<SpawnZone>0</SpawnZone>
	</Tile>
	<Tile>
		<XCoord>2</XCoord>
		<YCoord>8</YCoord>
		<Message>You are the Alchemists' Laboratory. (2,8)</Message>
		<EventID>3</EventID>
		<SpawnZone>3</SpawnZone>
	</Tile>
	<Tile>
		<XCoord>3</XCoord>
		<YCoord>8</YCoord>
		<Message>You are the Alchemists' Laboratory. (3,8)</Message>
		<EventID>3</EventID>
		<SpawnZone>3</SpawnZone>
	</Tile>
	<Tile>
		<XCoord>4</XCoord>
		<YCoord>8</YCoord>
		<Message>You are the Alchemists' Laboratory. (4,8)</Message>
		<EventID>3</EventID>
		<SpawnZone>3</SpawnZone>
	</Tile>
	<Tile>
		<XCoord>5</XCoord>
		<YCoord>8</YCoord>
		<Message>You cannot go here. (5,8)</Message>
		<EventID>-1</EventID>
		<SpawnZone>0</SpawnZone>
	</Tile>
	<Tile>
		<XCoord>6</XCoord>
		<YCoord>8</YCoord>
		<Message>You are the Alchemists' Laboratory. (6,8)</Message>
		<EventID>3</EventID>
		<SpawnZone>3</SpawnZone>
	</Tile>
	<Tile>
		<XCoord>7</XCoord>
		<YCoord>8</YCoord>
		<Message>You are the Alchemists' Laboratory. (7,8)</Message>
		<EventID>3</EventID>
		<SpawnZone>3</SpawnZone>
	</Tile>
	<Tile>
		<XCoord>8</XCoord>
		<YCoord>8</YCoord>
		<Message>You are the Alchemists' Laboratory. (8,8)</Message>
		<EventID>3</EventID>
		<SpawnZone>3</SpawnZone>
	</Tile>
	<Tile>
		<XCoord>9</XCoord>
		<YCoord>8</YCoord>
		<Message>You are the Alchemists' Laboratory. (9,8)</Message>
		<EventID>3</EventID>
		<SpawnZone>3</SpawnZone>
	</Tile>
	<Tile>
		<XCoord>0</XCoord>
		<YCoord>9</YCoord>
		<Message>You are the Alchemists' Laboratory. (0,9)</Message>
		<EventID>3</EventID>
		<SpawnZone>3</SpawnZone>
	</Tile>
	<Tile>
		<XCoord>1</XCoord>
		<YCoord>9</YCoord>
		<Message>You are the Alchemists' Laboratory. (1,9)</Message>
		<EventID>3</EventID>
		<SpawnZone>3</SpawnZone>
	</Tile>
	<Tile>
		<XCoord>2</XCoord>
		<YCoord>9</YCoord>
		<Message>You are the Alchemists' Laboratory. (2,9)</Message>
		<EventID>3</EventID>
		<SpawnZone>3</SpawnZone>
	</Tile>
	<Tile>
		<XCoord>3</XCoord>
		<YCoord>9</YCoord>
		<Message>You are the Alchemists' Laboratory. (3,9)</Message>
		<EventID>3</EventID>
		<SpawnZone>3</SpawnZone>
	</Tile>
	<Tile>
		<XCoord>4</XCoord>
		<YCoord>9</YCoord>
		<Message>You are the Alchemists' Laboratory. (4,9)</Message>
		<EventID>3</EventID>
		<SpawnZone>3</SpawnZone>
	</Tile>
	<Tile>
		<XCoord>5</XCoord>
		<YCoord>9</YCoord>
		<Message>You are the Alchemists' Laboratory. (5,9)</Message>
		<EventID>3</EventID>
		<SpawnZone>3</SpawnZone>
	</Tile>
	<Tile>
		<XCoord>6</XCoord>
		<YCoord>9</YCoord>
		<Message>You are the Alchemists' Laboratory. (6,9)</Message>
		<EventID>3</EventID>
		<SpawnZone>3</SpawnZone>
	</Tile>
	<Tile>
		<XCoord>7</XCoord>
		<YCoord>9</YCoord>
		<Message>You are the Alchemists' Laboratory. (7,9)</Message>
		<EventID>3</EventID>
		<SpawnZone>3</SpawnZone>
	</Tile>
	<Tile>
		<XCoord>8</XCoord>
		<YCoord>9</YCoord>
		<Message>You are the Alchemists' Laboratory. (8,9)</Message>
		<EventID>3</EventID>
		<SpawnZone>3</SpawnZone>
	</Tile>
	<Tile>
		<XCoord>9</XCoord>
		<YCoord>9</YCoord>
		<Message>You are the Alchemists' Laboratory. (9,9)</Message>
		<EventID>3</EventID>
		<SpawnZone>3</SpawnZone>
	</Tile>
</MapTiles>